datetime_beginning_utc,datetime_beginning_ept,area,solar_generation_mw
2/1/2024 5:00:00 AM,2/1/2024 12:00:00 AM,MIDATL,-1.926
2/1/2024 5:00:00 AM,2/1/2024 12:00:00 AM,OTHER,0.000
2/1/2024 5:00:00 AM,2/1/2024 12:00:00 AM,SOUTH,-5.394
2/1/2024 5:00:00 AM,2/1/2024 12:00:00 AM,WEST,-1.833
2/1/2024 5:00:00 AM,2/1/2024 12:00:00 AM,RTO,-9.153
2/1/2024 5:00:00 AM,2/1/2024 12:00:00 AM,RFC,-3.759
2/1/2024 6:00:00 AM,2/1/2024 1:00:00 AM,MIDATL,-1.904
2/1/2024 6:00:00 AM,2/1/2024 1:00:00 AM,OTHER,0.000
2/1/2024 6:00:00 AM,2/1/2024 1:00:00 AM,SOUTH,-5.316
2/1/2024 6:00:00 AM,2/1/2024 1:00:00 AM,WEST,-1.816
2/1/2024 6:00:00 AM,2/1/2024 1:00:00 AM,RTO,-9.036
2/1/2024 6:00:00 AM,2/1/2024 1:00:00 AM,RFC,-3.720
2/1/2024 7:00:00 AM,2/1/2024 2:00:00 AM,MIDATL,-1.899
2/1/2024 7:00:00 AM,2/1/2024 2:00:00 AM,OTHER,0.000
2/1/2024 7:00:00 AM,2/1/2024 2:00:00 AM,SOUTH,-5.240
2/1/2024 7:00:00 AM,2/1/2024 2:00:00 AM,WEST,-3.805
2/1/2024 7:00:00 AM,2/1/2024 2:00:00 AM,RTO,-10.944
2/1/2024 7:00:00 AM,2/1/2024 2:00:00 AM,RFC,-5.704
2/1/2024 8:00:00 AM,2/1/2024 3:00:00 AM,MIDATL,-1.914
2/1/2024 8:00:00 AM,2/1/2024 3:00:00 AM,OTHER,0.000
2/1/2024 8:00:00 AM,2/1/2024 3:00:00 AM,SOUTH,-5.447
2/1/2024 8:00:00 AM,2/1/2024 3:00:00 AM,WEST,-1.816
2/1/2024 8:00:00 AM,2/1/2024 3:00:00 AM,RTO,-9.177
2/1/2024 8:00:00 AM,2/1/2024 3:00:00 AM,RFC,-3.730
2/1/2024 9:00:00 AM,2/1/2024 4:00:00 AM,MIDATL,-1.877
2/1/2024 9:00:00 AM,2/1/2024 4:00:00 AM,OTHER,0.000
2/1/2024 9:00:00 AM,2/1/2024 4:00:00 AM,SOUTH,-5.450
2/1/2024 9:00:00 AM,2/1/2024 4:00:00 AM,WEST,-1.815
2/1/2024 9:00:00 AM,2/1/2024 4:00:00 AM,RTO,-9.142
2/1/2024 9:00:00 AM,2/1/2024 4:00:00 AM,RFC,-3.692
2/1/2024 10:00:00 AM,2/1/2024 5:00:00 AM,MIDATL,-1.927
2/1/2024 10:00:00 AM,2/1/2024 5:00:00 AM,OTHER,0.000
2/1/2024 10:00:00 AM,2/1/2024 5:00:00 AM,SOUTH,-5.518
2/1/2024 10:00:00 AM,2/1/2024 5:00:00 AM,WEST,-1.786
2/1/2024 10:00:00 AM,2/1/2024 5:00:00 AM,RTO,-9.231
2/1/2024 10:00:00 AM,2/1/2024 5:00:00 AM,RFC,-3.713
2/1/2024 11:00:00 AM,2/1/2024 6:00:00 AM,MIDATL,0.167
2/1/2024 11:00:00 AM,2/1/2024 6:00:00 AM,OTHER,0.000
2/1/2024 11:00:00 AM,2/1/2024 6:00:00 AM,SOUTH,9.970
2/1/2024 11:00:00 AM,2/1/2024 6:00:00 AM,WEST,-2.787
2/1/2024 11:00:00 AM,2/1/2024 6:00:00 AM,RTO,7.350
2/1/2024 11:00:00 AM,2/1/2024 6:00:00 AM,RFC,-2.620
2/1/2024 12:00:00 PM,2/1/2024 7:00:00 AM,MIDATL,49.918
2/1/2024 12:00:00 PM,2/1/2024 7:00:00 AM,OTHER,1.105
2/1/2024 12:00:00 PM,2/1/2024 7:00:00 AM,SOUTH,236.623
2/1/2024 12:00:00 PM,2/1/2024 7:00:00 AM,WEST,11.253
2/1/2024 12:00:00 PM,2/1/2024 7:00:00 AM,RTO,297.794
2/1/2024 12:00:00 PM,2/1/2024 7:00:00 AM,RFC,61.171
2/1/2024 1:00:00 PM,2/1/2024 8:00:00 AM,MIDATL,277.221
2/1/2024 1:00:00 PM,2/1/2024 8:00:00 AM,OTHER,70.946
2/1/2024 1:00:00 PM,2/1/2024 8:00:00 AM,SOUTH,1489.017
2/1/2024 1:00:00 PM,2/1/2024 8:00:00 AM,WEST,436.919
2/1/2024 1:00:00 PM,2/1/2024 8:00:00 AM,RTO,2203.157
2/1/2024 1:00:00 PM,2/1/2024 8:00:00 AM,RFC,714.140
2/1/2024 2:00:00 PM,2/1/2024 9:00:00 AM,MIDATL,526.310
2/1/2024 2:00:00 PM,2/1/2024 9:00:00 AM,OTHER,225.042
2/1/2024 2:00:00 PM,2/1/2024 9:00:00 AM,SOUTH,2645.271
2/1/2024 2:00:00 PM,2/1/2024 9:00:00 AM,WEST,1254.550
2/1/2024 2:00:00 PM,2/1/2024 9:00:00 AM,RTO,4426.131
2/1/2024 2:00:00 PM,2/1/2024 9:00:00 AM,RFC,1780.860
2/1/2024 3:00:00 PM,2/1/2024 10:00:00 AM,MIDATL,602.218
2/1/2024 3:00:00 PM,2/1/2024 10:00:00 AM,OTHER,262.313
2/1/2024 3:00:00 PM,2/1/2024 10:00:00 AM,SOUTH,2742.371
2/1/2024 3:00:00 PM,2/1/2024 10:00:00 AM,WEST,1499.728
2/1/2024 3:00:00 PM,2/1/2024 10:00:00 AM,RTO,4844.317
2/1/2024 3:00:00 PM,2/1/2024 10:00:00 AM,RFC,2101.946
2/1/2024 4:00:00 PM,2/1/2024 11:00:00 AM,MIDATL,665.041
2/1/2024 4:00:00 PM,2/1/2024 11:00:00 AM,OTHER,233.259
2/1/2024 4:00:00 PM,2/1/2024 11:00:00 AM,SOUTH,2612.262
2/1/2024 4:00:00 PM,2/1/2024 11:00:00 AM,WEST,1414.855
2/1/2024 4:00:00 PM,2/1/2024 11:00:00 AM,RTO,4692.158
2/1/2024 4:00:00 PM,2/1/2024 11:00:00 AM,RFC,2079.896
2/1/2024 5:00:00 PM,2/1/2024 12:00:00 PM,MIDATL,687.988
2/1/2024 5:00:00 PM,2/1/2024 12:00:00 PM,OTHER,226.718
2/1/2024 5:00:00 PM,2/1/2024 12:00:00 PM,SOUTH,2582.143
2/1/2024 5:00:00 PM,2/1/2024 12:00:00 PM,WEST,1359.623
2/1/2024 5:00:00 PM,2/1/2024 12:00:00 PM,RTO,4629.754
2/1/2024 5:00:00 PM,2/1/2024 12:00:00 PM,RFC,2047.611
2/1/2024 6:00:00 PM,2/1/2024 1:00:00 PM,MIDATL,570.451
2/1/2024 6:00:00 PM,2/1/2024 1:00:00 PM,OTHER,223.621
2/1/2024 6:00:00 PM,2/1/2024 1:00:00 PM,SOUTH,2629.489
2/1/2024 6:00:00 PM,2/1/2024 1:00:00 PM,WEST,1367.390
2/1/2024 6:00:00 PM,2/1/2024 1:00:00 PM,RTO,4567.330
2/1/2024 6:00:00 PM,2/1/2024 1:00:00 PM,RFC,1937.841
2/1/2024 7:00:00 PM,2/1/2024 2:00:00 PM,MIDATL,505.205
2/1/2024 7:00:00 PM,2/1/2024 2:00:00 PM,OTHER,186.698
2/1/2024 7:00:00 PM,2/1/2024 2:00:00 PM,SOUTH,2701.898
2/1/2024 7:00:00 PM,2/1/2024 2:00:00 PM,WEST,1233.153
2/1/2024 7:00:00 PM,2/1/2024 2:00:00 PM,RTO,4440.256
2/1/2024 7:00:00 PM,2/1/2024 2:00:00 PM,RFC,1738.358
2/1/2024 8:00:00 PM,2/1/2024 3:00:00 PM,MIDATL,372.553
2/1/2024 8:00:00 PM,2/1/2024 3:00:00 PM,OTHER,157.212
2/1/2024 8:00:00 PM,2/1/2024 3:00:00 PM,SOUTH,2367.253
2/1/2024 8:00:00 PM,2/1/2024 3:00:00 PM,WEST,1079.795
2/1/2024 8:00:00 PM,2/1/2024 3:00:00 PM,RTO,3819.601
2/1/2024 8:00:00 PM,2/1/2024 3:00:00 PM,RFC,1452.348
2/1/2024 9:00:00 PM,2/1/2024 4:00:00 PM,MIDATL,125.430
2/1/2024 9:00:00 PM,2/1/2024 4:00:00 PM,OTHER,82.983
2/1/2024 9:00:00 PM,2/1/2024 4:00:00 PM,SOUTH,995.535
2/1/2024 9:00:00 PM,2/1/2024 4:00:00 PM,WEST,667.159
2/1/2024 9:00:00 PM,2/1/2024 4:00:00 PM,RTO,1788.124
2/1/2024 9:00:00 PM,2/1/2024 4:00:00 PM,RFC,792.589
2/1/2024 10:00:00 PM,2/1/2024 5:00:00 PM,MIDATL,1.547
2/1/2024 10:00:00 PM,2/1/2024 5:00:00 PM,OTHER,10.790
2/1/2024 10:00:00 PM,2/1/2024 5:00:00 PM,SOUTH,51.524
2/1/2024 10:00:00 PM,2/1/2024 5:00:00 PM,WEST,74.254
2/1/2024 10:00:00 PM,2/1/2024 5:00:00 PM,RTO,127.325
2/1/2024 10:00:00 PM,2/1/2024 5:00:00 PM,RFC,75.801
2/1/2024 11:00:00 PM,2/1/2024 6:00:00 PM,MIDATL,-1.808
2/1/2024 11:00:00 PM,2/1/2024 6:00:00 PM,OTHER,0.000
2/1/2024 11:00:00 PM,2/1/2024 6:00:00 PM,SOUTH,-5.439
2/1/2024 11:00:00 PM,2/1/2024 6:00:00 PM,WEST,-1.504
2/1/2024 11:00:00 PM,2/1/2024 6:00:00 PM,RTO,-8.751
2/1/2024 11:00:00 PM,2/1/2024 6:00:00 PM,RFC,-3.312
2/2/2024 12:00:00 AM,2/1/2024 7:00:00 PM,MIDATL,-2.845
2/2/2024 12:00:00 AM,2/1/2024 7:00:00 PM,OTHER,0.000
2/2/2024 12:00:00 AM,2/1/2024 7:00:00 PM,SOUTH,-5.145
2/2/2024 12:00:00 AM,2/1/2024 7:00:00 PM,WEST,-2.509
2/2/2024 12:00:00 AM,2/1/2024 7:00:00 PM,RTO,-10.499
2/2/2024 12:00:00 AM,2/1/2024 7:00:00 PM,RFC,-5.354
2/2/2024 1:00:00 AM,2/1/2024 8:00:00 PM,MIDATL,-2.863
2/2/2024 1:00:00 AM,2/1/2024 8:00:00 PM,OTHER,0.000
2/2/2024 1:00:00 AM,2/1/2024 8:00:00 PM,SOUTH,-5.314
2/2/2024 1:00:00 AM,2/1/2024 8:00:00 PM,WEST,-2.528
2/2/2024 1:00:00 AM,2/1/2024 8:00:00 PM,RTO,-10.705
2/2/2024 1:00:00 AM,2/1/2024 8:00:00 PM,RFC,-5.391
2/2/2024 2:00:00 AM,2/1/2024 9:00:00 PM,MIDATL,-1.866
2/2/2024 2:00:00 AM,2/1/2024 9:00:00 PM,OTHER,0.000
2/2/2024 2:00:00 AM,2/1/2024 9:00:00 PM,SOUTH,-5.138
2/2/2024 2:00:00 AM,2/1/2024 9:00:00 PM,WEST,-1.528
2/2/2024 2:00:00 AM,2/1/2024 9:00:00 PM,RTO,-8.532
2/2/2024 2:00:00 AM,2/1/2024 9:00:00 PM,RFC,-3.394
2/2/2024 3:00:00 AM,2/1/2024 10:00:00 PM,MIDATL,-1.844
2/2/2024 3:00:00 AM,2/1/2024 10:00:00 PM,OTHER,0.000
2/2/2024 3:00:00 AM,2/1/2024 10:00:00 PM,SOUTH,-5.232
2/2/2024 3:00:00 AM,2/1/2024 10:00:00 PM,WEST,-1.547
2/2/2024 3:00:00 AM,2/1/2024 10:00:00 PM,RTO,-8.623
2/2/2024 3:00:00 AM,2/1/2024 10:00:00 PM,RFC,-3.391
2/2/2024 4:00:00 AM,2/1/2024 11:00:00 PM,MIDATL,-1.863
2/2/2024 4:00:00 AM,2/1/2024 11:00:00 PM,OTHER,0.000
2/2/2024 4:00:00 AM,2/1/2024 11:00:00 PM,SOUTH,-5.316
2/2/2024 4:00:00 AM,2/1/2024 11:00:00 PM,WEST,-2.532
2/2/2024 4:00:00 AM,2/1/2024 11:00:00 PM,RTO,-9.711
2/2/2024 4:00:00 AM,2/1/2024 11:00:00 PM,RFC,-4.395
2/2/2024 5:00:00 AM,2/2/2024 12:00:00 AM,MIDATL,-1.966
2/2/2024 5:00:00 AM,2/2/2024 12:00:00 AM,OTHER,0.000
2/2/2024 5:00:00 AM,2/2/2024 12:00:00 AM,SOUTH,-5.319
2/2/2024 5:00:00 AM,2/2/2024 12:00:00 AM,WEST,-2.568
2/2/2024 5:00:00 AM,2/2/2024 12:00:00 AM,RTO,-9.853
2/2/2024 5:00:00 AM,2/2/2024 12:00:00 AM,RFC,-4.534
2/2/2024 6:00:00 AM,2/2/2024 1:00:00 AM,MIDATL,-1.905
2/2/2024 6:00:00 AM,2/2/2024 1:00:00 AM,OTHER,0.000
2/2/2024 6:00:00 AM,2/2/2024 1:00:00 AM,SOUTH,-5.401
2/2/2024 6:00:00 AM,2/2/2024 1:00:00 AM,WEST,-1.582
2/2/2024 6:00:00 AM,2/2/2024 1:00:00 AM,RTO,-8.888
2/2/2024 6:00:00 AM,2/2/2024 1:00:00 AM,RFC,-3.487
2/2/2024 7:00:00 AM,2/2/2024 2:00:00 AM,MIDATL,-1.927
2/2/2024 7:00:00 AM,2/2/2024 2:00:00 AM,OTHER,0.000
2/2/2024 7:00:00 AM,2/2/2024 2:00:00 AM,SOUTH,-5.140
2/2/2024 7:00:00 AM,2/2/2024 2:00:00 AM,WEST,-2.590
2/2/2024 7:00:00 AM,2/2/2024 2:00:00 AM,RTO,-9.657
2/2/2024 7:00:00 AM,2/2/2024 2:00:00 AM,RFC,-4.517
2/2/2024 8:00:00 AM,2/2/2024 3:00:00 AM,MIDATL,-1.899
2/2/2024 8:00:00 AM,2/2/2024 3:00:00 AM,OTHER,0.000
2/2/2024 8:00:00 AM,2/2/2024 3:00:00 AM,SOUTH,-5.276
2/2/2024 8:00:00 AM,2/2/2024 3:00:00 AM,WEST,-1.575
2/2/2024 8:00:00 AM,2/2/2024 3:00:00 AM,RTO,-8.750
2/2/2024 8:00:00 AM,2/2/2024 3:00:00 AM,RFC,-3.474
2/2/2024 9:00:00 AM,2/2/2024 4:00:00 AM,MIDATL,-1.940
2/2/2024 9:00:00 AM,2/2/2024 4:00:00 AM,OTHER,0.000
2/2/2024 9:00:00 AM,2/2/2024 4:00:00 AM,SOUTH,-5.506
2/2/2024 9:00:00 AM,2/2/2024 4:00:00 AM,WEST,-2.568
2/2/2024 9:00:00 AM,2/2/2024 4:00:00 AM,RTO,-10.014
2/2/2024 9:00:00 AM,2/2/2024 4:00:00 AM,RFC,-4.508
2/2/2024 10:00:00 AM,2/2/2024 5:00:00 AM,MIDATL,-1.907
2/2/2024 10:00:00 AM,2/2/2024 5:00:00 AM,OTHER,0.000
2/2/2024 10:00:00 AM,2/2/2024 5:00:00 AM,SOUTH,-5.191
2/2/2024 10:00:00 AM,2/2/2024 5:00:00 AM,WEST,-2.559
2/2/2024 10:00:00 AM,2/2/2024 5:00:00 AM,RTO,-9.657
2/2/2024 10:00:00 AM,2/2/2024 5:00:00 AM,RFC,-4.466
2/2/2024 11:00:00 AM,2/2/2024 6:00:00 AM,MIDATL,-1.948
2/2/2024 11:00:00 AM,2/2/2024 6:00:00 AM,OTHER,0.000
2/2/2024 11:00:00 AM,2/2/2024 6:00:00 AM,SOUTH,-5.463
2/2/2024 11:00:00 AM,2/2/2024 6:00:00 AM,WEST,-1.533
2/2/2024 11:00:00 AM,2/2/2024 6:00:00 AM,RTO,-8.944
2/2/2024 11:00:00 AM,2/2/2024 6:00:00 AM,RFC,-3.481
2/2/2024 12:00:00 PM,2/2/2024 7:00:00 AM,MIDATL,1.008
2/2/2024 12:00:00 PM,2/2/2024 7:00:00 AM,OTHER,0.219
2/2/2024 12:00:00 PM,2/2/2024 7:00:00 AM,SOUTH,92.751
2/2/2024 12:00:00 PM,2/2/2024 7:00:00 AM,WEST,4.477
2/2/2024 12:00:00 PM,2/2/2024 7:00:00 AM,RTO,98.236
2/2/2024 12:00:00 PM,2/2/2024 7:00:00 AM,RFC,5.485
2/2/2024 1:00:00 PM,2/2/2024 8:00:00 AM,MIDATL,21.473
2/2/2024 1:00:00 PM,2/2/2024 8:00:00 AM,OTHER,43.591
2/2/2024 1:00:00 PM,2/2/2024 8:00:00 AM,SOUTH,901.216
2/2/2024 1:00:00 PM,2/2/2024 8:00:00 AM,WEST,165.543
2/2/2024 1:00:00 PM,2/2/2024 8:00:00 AM,RTO,1088.232
2/2/2024 1:00:00 PM,2/2/2024 8:00:00 AM,RFC,187.016
2/2/2024 2:00:00 PM,2/2/2024 9:00:00 AM,MIDATL,64.445
2/2/2024 2:00:00 PM,2/2/2024 9:00:00 AM,OTHER,158.569
2/2/2024 2:00:00 PM,2/2/2024 9:00:00 AM,SOUTH,1849.243
2/2/2024 2:00:00 PM,2/2/2024 9:00:00 AM,WEST,581.603
2/2/2024 2:00:00 PM,2/2/2024 9:00:00 AM,RTO,2495.291
2/2/2024 2:00:00 PM,2/2/2024 9:00:00 AM,RFC,646.048
2/2/2024 3:00:00 PM,2/2/2024 10:00:00 AM,MIDATL,120.663
2/2/2024 3:00:00 PM,2/2/2024 10:00:00 AM,OTHER,175.915
2/2/2024 3:00:00 PM,2/2/2024 10:00:00 AM,SOUTH,2184.033
2/2/2024 3:00:00 PM,2/2/2024 10:00:00 AM,WEST,715.257
2/2/2024 3:00:00 PM,2/2/2024 10:00:00 AM,RTO,3019.953
2/2/2024 3:00:00 PM,2/2/2024 10:00:00 AM,RFC,835.920
2/2/2024 4:00:00 PM,2/2/2024 11:00:00 AM,MIDATL,194.181
2/2/2024 4:00:00 PM,2/2/2024 11:00:00 AM,OTHER,151.990
2/2/2024 4:00:00 PM,2/2/2024 11:00:00 AM,SOUTH,2009.771
2/2/2024 4:00:00 PM,2/2/2024 11:00:00 AM,WEST,669.573
2/2/2024 4:00:00 PM,2/2/2024 11:00:00 AM,RTO,2873.525
2/2/2024 4:00:00 PM,2/2/2024 11:00:00 AM,RFC,863.754
2/2/2024 5:00:00 PM,2/2/2024 12:00:00 PM,MIDATL,203.151
2/2/2024 5:00:00 PM,2/2/2024 12:00:00 PM,OTHER,129.572
2/2/2024 5:00:00 PM,2/2/2024 12:00:00 PM,SOUTH,1776.729
2/2/2024 5:00:00 PM,2/2/2024 12:00:00 PM,WEST,791.179
2/2/2024 5:00:00 PM,2/2/2024 12:00:00 PM,RTO,2771.059
2/2/2024 5:00:00 PM,2/2/2024 12:00:00 PM,RFC,994.330
2/2/2024 6:00:00 PM,2/2/2024 1:00:00 PM,MIDATL,208.431
2/2/2024 6:00:00 PM,2/2/2024 1:00:00 PM,OTHER,173.825
2/2/2024 6:00:00 PM,2/2/2024 1:00:00 PM,SOUTH,1362.485
2/2/2024 6:00:00 PM,2/2/2024 1:00:00 PM,WEST,833.277
2/2/2024 6:00:00 PM,2/2/2024 1:00:00 PM,RTO,2404.193
2/2/2024 6:00:00 PM,2/2/2024 1:00:00 PM,RFC,1041.708
2/2/2024 7:00:00 PM,2/2/2024 2:00:00 PM,MIDATL,148.628
2/2/2024 7:00:00 PM,2/2/2024 2:00:00 PM,OTHER,189.462
2/2/2024 7:00:00 PM,2/2/2024 2:00:00 PM,SOUTH,996.210
2/2/2024 7:00:00 PM,2/2/2024 2:00:00 PM,WEST,818.738
2/2/2024 7:00:00 PM,2/2/2024 2:00:00 PM,RTO,1963.576
2/2/2024 7:00:00 PM,2/2/2024 2:00:00 PM,RFC,967.366
2/2/2024 8:00:00 PM,2/2/2024 3:00:00 PM,MIDATL,107.083
2/2/2024 8:00:00 PM,2/2/2024 3:00:00 PM,OTHER,227.382
2/2/2024 8:00:00 PM,2/2/2024 3:00:00 PM,SOUTH,725.569
2/2/2024 8:00:00 PM,2/2/2024 3:00:00 PM,WEST,930.639
2/2/2024 8:00:00 PM,2/2/2024 3:00:00 PM,RTO,1763.291
2/2/2024 8:00:00 PM,2/2/2024 3:00:00 PM,RFC,1037.722
2/2/2024 9:00:00 PM,2/2/2024 4:00:00 PM,MIDATL,45.564
2/2/2024 9:00:00 PM,2/2/2024 4:00:00 PM,OTHER,176.376
2/2/2024 9:00:00 PM,2/2/2024 4:00:00 PM,SOUTH,371.885
2/2/2024 9:00:00 PM,2/2/2024 4:00:00 PM,WEST,606.891
2/2/2024 9:00:00 PM,2/2/2024 4:00:00 PM,RTO,1024.340
2/2/2024 9:00:00 PM,2/2/2024 4:00:00 PM,RFC,652.455
2/2/2024 10:00:00 PM,2/2/2024 5:00:00 PM,MIDATL,-1.235
2/2/2024 10:00:00 PM,2/2/2024 5:00:00 PM,OTHER,37.846
2/2/2024 10:00:00 PM,2/2/2024 5:00:00 PM,SOUTH,21.222
2/2/2024 10:00:00 PM,2/2/2024 5:00:00 PM,WEST,98.873
2/2/2024 10:00:00 PM,2/2/2024 5:00:00 PM,RTO,118.860
2/2/2024 10:00:00 PM,2/2/2024 5:00:00 PM,RFC,97.638
2/2/2024 11:00:00 PM,2/2/2024 6:00:00 PM,MIDATL,-2.914
2/2/2024 11:00:00 PM,2/2/2024 6:00:00 PM,OTHER,0.044
2/2/2024 11:00:00 PM,2/2/2024 6:00:00 PM,SOUTH,-5.305
2/2/2024 11:00:00 PM,2/2/2024 6:00:00 PM,WEST,-1.522
2/2/2024 11:00:00 PM,2/2/2024 6:00:00 PM,RTO,-9.741
2/2/2024 11:00:00 PM,2/2/2024 6:00:00 PM,RFC,-4.436
2/3/2024 12:00:00 AM,2/2/2024 7:00:00 PM,MIDATL,-1.936
2/3/2024 12:00:00 AM,2/2/2024 7:00:00 PM,OTHER,0.000
2/3/2024 12:00:00 AM,2/2/2024 7:00:00 PM,SOUTH,-5.398
2/3/2024 12:00:00 AM,2/2/2024 7:00:00 PM,WEST,-3.571
2/3/2024 12:00:00 AM,2/2/2024 7:00:00 PM,RTO,-10.905
2/3/2024 12:00:00 AM,2/2/2024 7:00:00 PM,RFC,-5.507
2/3/2024 1:00:00 AM,2/2/2024 8:00:00 PM,MIDATL,-1.949
2/3/2024 1:00:00 AM,2/2/2024 8:00:00 PM,OTHER,0.000
2/3/2024 1:00:00 AM,2/2/2024 8:00:00 PM,SOUTH,-5.490
2/3/2024 1:00:00 AM,2/2/2024 8:00:00 PM,WEST,-1.566
2/3/2024 1:00:00 AM,2/2/2024 8:00:00 PM,RTO,-9.005
2/3/2024 1:00:00 AM,2/2/2024 8:00:00 PM,RFC,-3.515
2/3/2024 2:00:00 AM,2/2/2024 9:00:00 PM,MIDATL,-1.972
2/3/2024 2:00:00 AM,2/2/2024 9:00:00 PM,OTHER,0.000
2/3/2024 2:00:00 AM,2/2/2024 9:00:00 PM,SOUTH,-5.247
2/3/2024 2:00:00 AM,2/2/2024 9:00:00 PM,WEST,-1.605
2/3/2024 2:00:00 AM,2/2/2024 9:00:00 PM,RTO,-8.824
2/3/2024 2:00:00 AM,2/2/2024 9:00:00 PM,RFC,-3.577
2/3/2024 3:00:00 AM,2/2/2024 10:00:00 PM,MIDATL,-1.952
2/3/2024 3:00:00 AM,2/2/2024 10:00:00 PM,OTHER,0.000
2/3/2024 3:00:00 AM,2/2/2024 10:00:00 PM,SOUTH,-5.367
2/3/2024 3:00:00 AM,2/2/2024 10:00:00 PM,WEST,-3.804
2/3/2024 3:00:00 AM,2/2/2024 10:00:00 PM,RTO,-11.123
2/3/2024 3:00:00 AM,2/2/2024 10:00:00 PM,RFC,-5.756
2/3/2024 4:00:00 AM,2/2/2024 11:00:00 PM,MIDATL,-1.919
2/3/2024 4:00:00 AM,2/2/2024 11:00:00 PM,OTHER,0.000
2/3/2024 4:00:00 AM,2/2/2024 11:00:00 PM,SOUTH,-5.359
2/3/2024 4:00:00 AM,2/2/2024 11:00:00 PM,WEST,-1.813
2/3/2024 4:00:00 AM,2/2/2024 11:00:00 PM,RTO,-9.091
2/3/2024 4:00:00 AM,2/2/2024 11:00:00 PM,RFC,-3.732
2/3/2024 5:00:00 AM,2/3/2024 12:00:00 AM,MIDATL,-1.973
2/3/2024 5:00:00 AM,2/3/2024 12:00:00 AM,OTHER,0.000
2/3/2024 5:00:00 AM,2/3/2024 12:00:00 AM,SOUTH,-5.405
2/3/2024 5:00:00 AM,2/3/2024 12:00:00 AM,WEST,-1.820
2/3/2024 5:00:00 AM,2/3/2024 12:00:00 AM,RTO,-9.198
2/3/2024 5:00:00 AM,2/3/2024 12:00:00 AM,RFC,-3.793
2/3/2024 6:00:00 AM,2/3/2024 1:00:00 AM,MIDATL,-1.995
2/3/2024 6:00:00 AM,2/3/2024 1:00:00 AM,OTHER,0.000
2/3/2024 6:00:00 AM,2/3/2024 1:00:00 AM,SOUTH,-5.352
2/3/2024 6:00:00 AM,2/3/2024 1:00:00 AM,WEST,-2.820
2/3/2024 6:00:00 AM,2/3/2024 1:00:00 AM,RTO,-10.167
2/3/2024 6:00:00 AM,2/3/2024 1:00:00 AM,RFC,-4.815
2/3/2024 7:00:00 AM,2/3/2024 2:00:00 AM,MIDATL,-2.007
2/3/2024 7:00:00 AM,2/3/2024 2:00:00 AM,OTHER,0.000
2/3/2024 7:00:00 AM,2/3/2024 2:00:00 AM,SOUTH,-5.575
2/3/2024 7:00:00 AM,2/3/2024 2:00:00 AM,WEST,-2.806
2/3/2024 7:00:00 AM,2/3/2024 2:00:00 AM,RTO,-10.388
2/3/2024 7:00:00 AM,2/3/2024 2:00:00 AM,RFC,-4.813
2/3/2024 8:00:00 AM,2/3/2024 3:00:00 AM,MIDATL,-1.943
2/3/2024 8:00:00 AM,2/3/2024 3:00:00 AM,OTHER,0.000
2/3/2024 8:00:00 AM,2/3/2024 3:00:00 AM,SOUTH,-5.424
2/3/2024 8:00:00 AM,2/3/2024 3:00:00 AM,WEST,-1.813
2/3/2024 8:00:00 AM,2/3/2024 3:00:00 AM,RTO,-9.180
2/3/2024 8:00:00 AM,2/3/2024 3:00:00 AM,RFC,-3.756
2/3/2024 9:00:00 AM,2/3/2024 4:00:00 AM,MIDATL,-1.999
2/3/2024 9:00:00 AM,2/3/2024 4:00:00 AM,OTHER,0.000
2/3/2024 9:00:00 AM,2/3/2024 4:00:00 AM,SOUTH,-5.553
2/3/2024 9:00:00 AM,2/3/2024 4:00:00 AM,WEST,-2.818
2/3/2024 9:00:00 AM,2/3/2024 4:00:00 AM,RTO,-10.370
2/3/2024 9:00:00 AM,2/3/2024 4:00:00 AM,RFC,-4.817
2/3/2024 10:00:00 AM,2/3/2024 5:00:00 AM,MIDATL,-2.976
2/3/2024 10:00:00 AM,2/3/2024 5:00:00 AM,OTHER,0.000
2/3/2024 10:00:00 AM,2/3/2024 5:00:00 AM,SOUTH,-5.413
2/3/2024 10:00:00 AM,2/3/2024 5:00:00 AM,WEST,-1.811
2/3/2024 10:00:00 AM,2/3/2024 5:00:00 AM,RTO,-10.200
2/3/2024 10:00:00 AM,2/3/2024 5:00:00 AM,RFC,-4.787
2/3/2024 11:00:00 AM,2/3/2024 6:00:00 AM,MIDATL,1.203
2/3/2024 11:00:00 AM,2/3/2024 6:00:00 AM,OTHER,0.000
2/3/2024 11:00:00 AM,2/3/2024 6:00:00 AM,SOUTH,-5.264
2/3/2024 11:00:00 AM,2/3/2024 6:00:00 AM,WEST,-2.764
2/3/2024 11:00:00 AM,2/3/2024 6:00:00 AM,RTO,-6.825
2/3/2024 11:00:00 AM,2/3/2024 6:00:00 AM,RFC,-1.561
2/3/2024 12:00:00 PM,2/3/2024 7:00:00 AM,MIDATL,59.790
2/3/2024 12:00:00 PM,2/3/2024 7:00:00 AM,OTHER,1.456
2/3/2024 12:00:00 PM,2/3/2024 7:00:00 AM,SOUTH,212.033
2/3/2024 12:00:00 PM,2/3/2024 7:00:00 AM,WEST,19.105
2/3/2024 12:00:00 PM,2/3/2024 7:00:00 AM,RTO,290.928
2/3/2024 12:00:00 PM,2/3/2024 7:00:00 AM,RFC,78.895
2/3/2024 1:00:00 PM,2/3/2024 8:00:00 AM,MIDATL,366.812
2/3/2024 1:00:00 PM,2/3/2024 8:00:00 AM,OTHER,79.721
2/3/2024 1:00:00 PM,2/3/2024 8:00:00 AM,SOUTH,1493.489
2/3/2024 1:00:00 PM,2/3/2024 8:00:00 AM,WEST,395.317
2/3/2024 1:00:00 PM,2/3/2024 8:00:00 AM,RTO,2255.618
2/3/2024 1:00:00 PM,2/3/2024 8:00:00 AM,RFC,762.129
2/3/2024 2:00:00 PM,2/3/2024 9:00:00 AM,MIDATL,750.272
2/3/2024 2:00:00 PM,2/3/2024 9:00:00 AM,OTHER,236.352
2/3/2024 2:00:00 PM,2/3/2024 9:00:00 AM,SOUTH,2615.638
2/3/2024 2:00:00 PM,2/3/2024 9:00:00 AM,WEST,1005.254
2/3/2024 2:00:00 PM,2/3/2024 9:00:00 AM,RTO,4371.164
2/3/2024 2:00:00 PM,2/3/2024 9:00:00 AM,RFC,1755.526
2/3/2024 3:00:00 PM,2/3/2024 10:00:00 AM,MIDATL,947.728
2/3/2024 3:00:00 PM,2/3/2024 10:00:00 AM,OTHER,274.250
2/3/2024 3:00:00 PM,2/3/2024 10:00:00 AM,SOUTH,2774.252
2/3/2024 3:00:00 PM,2/3/2024 10:00:00 AM,WEST,1226.340
2/3/2024 3:00:00 PM,2/3/2024 10:00:00 AM,RTO,4948.320
2/3/2024 3:00:00 PM,2/3/2024 10:00:00 AM,RFC,2174.068
2/3/2024 4:00:00 PM,2/3/2024 11:00:00 AM,MIDATL,1001.679
2/3/2024 4:00:00 PM,2/3/2024 11:00:00 AM,OTHER,260.669
2/3/2024 4:00:00 PM,2/3/2024 11:00:00 AM,SOUTH,2722.021
2/3/2024 4:00:00 PM,2/3/2024 11:00:00 AM,WEST,1343.948
2/3/2024 4:00:00 PM,2/3/2024 11:00:00 AM,RTO,5067.648
2/3/2024 4:00:00 PM,2/3/2024 11:00:00 AM,RFC,2345.627
2/3/2024 5:00:00 PM,2/3/2024 12:00:00 PM,MIDATL,988.886
2/3/2024 5:00:00 PM,2/3/2024 12:00:00 PM,OTHER,250.981
2/3/2024 5:00:00 PM,2/3/2024 12:00:00 PM,SOUTH,2690.974
2/3/2024 5:00:00 PM,2/3/2024 12:00:00 PM,WEST,1471.353
2/3/2024 5:00:00 PM,2/3/2024 12:00:00 PM,RTO,5151.213
2/3/2024 5:00:00 PM,2/3/2024 12:00:00 PM,RFC,2460.239
2/3/2024 6:00:00 PM,2/3/2024 1:00:00 PM,MIDATL,974.553
2/3/2024 6:00:00 PM,2/3/2024 1:00:00 PM,OTHER,258.164
2/3/2024 6:00:00 PM,2/3/2024 1:00:00 PM,SOUTH,2742.751
2/3/2024 6:00:00 PM,2/3/2024 1:00:00 PM,WEST,1558.832
2/3/2024 6:00:00 PM,2/3/2024 1:00:00 PM,RTO,5276.136
2/3/2024 6:00:00 PM,2/3/2024 1:00:00 PM,RFC,2533.385
2/3/2024 7:00:00 PM,2/3/2024 2:00:00 PM,MIDATL,890.974
2/3/2024 7:00:00 PM,2/3/2024 2:00:00 PM,OTHER,275.673
2/3/2024 7:00:00 PM,2/3/2024 2:00:00 PM,SOUTH,2845.408
2/3/2024 7:00:00 PM,2/3/2024 2:00:00 PM,WEST,1669.121
2/3/2024 7:00:00 PM,2/3/2024 2:00:00 PM,RTO,5405.503
2/3/2024 7:00:00 PM,2/3/2024 2:00:00 PM,RFC,2560.095
2/3/2024 8:00:00 PM,2/3/2024 3:00:00 PM,MIDATL,630.340
2/3/2024 8:00:00 PM,2/3/2024 3:00:00 PM,OTHER,286.974
2/3/2024 8:00:00 PM,2/3/2024 3:00:00 PM,SOUTH,2607.099
2/3/2024 8:00:00 PM,2/3/2024 3:00:00 PM,WEST,1699.893
2/3/2024 8:00:00 PM,2/3/2024 3:00:00 PM,RTO,4937.332
2/3/2024 8:00:00 PM,2/3/2024 3:00:00 PM,RFC,2330.233
2/3/2024 9:00:00 PM,2/3/2024 4:00:00 PM,MIDATL,200.284
2/3/2024 9:00:00 PM,2/3/2024 4:00:00 PM,OTHER,203.416
2/3/2024 9:00:00 PM,2/3/2024 4:00:00 PM,SOUTH,1211.704
2/3/2024 9:00:00 PM,2/3/2024 4:00:00 PM,WEST,1105.153
2/3/2024 9:00:00 PM,2/3/2024 4:00:00 PM,RTO,2517.141
2/3/2024 9:00:00 PM,2/3/2024 4:00:00 PM,RFC,1305.437
2/3/2024 10:00:00 PM,2/3/2024 5:00:00 PM,MIDATL,3.944
2/3/2024 10:00:00 PM,2/3/2024 5:00:00 PM,OTHER,43.823
2/3/2024 10:00:00 PM,2/3/2024 5:00:00 PM,SOUTH,68.943
2/3/2024 10:00:00 PM,2/3/2024 5:00:00 PM,WEST,194.019
2/3/2024 10:00:00 PM,2/3/2024 5:00:00 PM,RTO,266.906
2/3/2024 10:00:00 PM,2/3/2024 5:00:00 PM,RFC,197.963
2/3/2024 11:00:00 PM,2/3/2024 6:00:00 PM,MIDATL,-1.938
2/3/2024 11:00:00 PM,2/3/2024 6:00:00 PM,OTHER,0.000
2/3/2024 11:00:00 PM,2/3/2024 6:00:00 PM,SOUTH,-5.487
2/3/2024 11:00:00 PM,2/3/2024 6:00:00 PM,WEST,-2.697
2/3/2024 11:00:00 PM,2/3/2024 6:00:00 PM,RTO,-10.122
2/3/2024 11:00:00 PM,2/3/2024 6:00:00 PM,RFC,-4.635
2/4/2024 12:00:00 AM,2/3/2024 7:00:00 PM,MIDATL,-1.930
2/4/2024 12:00:00 AM,2/3/2024 7:00:00 PM,OTHER,0.000
2/4/2024 12:00:00 AM,2/3/2024 7:00:00 PM,SOUTH,-5.402
2/4/2024 12:00:00 AM,2/3/2024 7:00:00 PM,WEST,-1.766
2/4/2024 12:00:00 AM,2/3/2024 7:00:00 PM,RTO,-9.098
2/4/2024 12:00:00 AM,2/3/2024 7:00:00 PM,RFC,-3.696
2/4/2024 1:00:00 AM,2/3/2024 8:00:00 PM,MIDATL,-1.957
2/4/2024 1:00:00 AM,2/3/2024 8:00:00 PM,OTHER,0.000
2/4/2024 1:00:00 AM,2/3/2024 8:00:00 PM,SOUTH,-5.350
2/4/2024 1:00:00 AM,2/3/2024 8:00:00 PM,WEST,-1.775
2/4/2024 1:00:00 AM,2/3/2024 8:00:00 PM,RTO,-9.082
2/4/2024 1:00:00 AM,2/3/2024 8:00:00 PM,RFC,-3.732
2/4/2024 2:00:00 AM,2/3/2024 9:00:00 PM,MIDATL,-1.976
2/4/2024 2:00:00 AM,2/3/2024 9:00:00 PM,OTHER,0.000
2/4/2024 2:00:00 AM,2/3/2024 9:00:00 PM,SOUTH,-5.436
2/4/2024 2:00:00 AM,2/3/2024 9:00:00 PM,WEST,-3.785
2/4/2024 2:00:00 AM,2/3/2024 9:00:00 PM,RTO,-11.197
2/4/2024 2:00:00 AM,2/3/2024 9:00:00 PM,RFC,-5.761
2/4/2024 3:00:00 AM,2/3/2024 10:00:00 PM,MIDATL,-1.927
2/4/2024 3:00:00 AM,2/3/2024 10:00:00 PM,OTHER,0.000
2/4/2024 3:00:00 AM,2/3/2024 10:00:00 PM,SOUTH,-5.429
2/4/2024 3:00:00 AM,2/3/2024 10:00:00 PM,WEST,-1.773
2/4/2024 3:00:00 AM,2/3/2024 10:00:00 PM,RTO,-9.129
2/4/2024 3:00:00 AM,2/3/2024 10:00:00 PM,RFC,-3.700
2/4/2024 4:00:00 AM,2/3/2024 11:00:00 PM,MIDATL,-1.942
2/4/2024 4:00:00 AM,2/3/2024 11:00:00 PM,OTHER,0.000
2/4/2024 4:00:00 AM,2/3/2024 11:00:00 PM,SOUTH,-5.391
2/4/2024 4:00:00 AM,2/3/2024 11:00:00 PM,WEST,-1.777
2/4/2024 4:00:00 AM,2/3/2024 11:00:00 PM,RTO,-9.110
2/4/2024 4:00:00 AM,2/3/2024 11:00:00 PM,RFC,-3.719
2/4/2024 5:00:00 AM,2/4/2024 12:00:00 AM,MIDATL,-2.068
2/4/2024 5:00:00 AM,2/4/2024 12:00:00 AM,OTHER,0.000
2/4/2024 5:00:00 AM,2/4/2024 12:00:00 AM,SOUTH,-6.204
2/4/2024 5:00:00 AM,2/4/2024 12:00:00 AM,WEST,-3.788
2/4/2024 5:00:00 AM,2/4/2024 12:00:00 AM,RTO,-12.060
2/4/2024 5:00:00 AM,2/4/2024 12:00:00 AM,RFC,-5.856
2/4/2024 6:00:00 AM,2/4/2024 1:00:00 AM,MIDATL,-2.072
2/4/2024 6:00:00 AM,2/4/2024 1:00:00 AM,OTHER,0.000
2/4/2024 6:00:00 AM,2/4/2024 1:00:00 AM,SOUTH,-5.314
2/4/2024 6:00:00 AM,2/4/2024 1:00:00 AM,WEST,-1.801
2/4/2024 6:00:00 AM,2/4/2024 1:00:00 AM,RTO,-9.187
2/4/2024 6:00:00 AM,2/4/2024 1:00:00 AM,RFC,-3.873
2/4/2024 7:00:00 AM,2/4/2024 2:00:00 AM,MIDATL,-2.061
2/4/2024 7:00:00 AM,2/4/2024 2:00:00 AM,OTHER,0.000
2/4/2024 7:00:00 AM,2/4/2024 2:00:00 AM,SOUTH,-5.419
2/4/2024 7:00:00 AM,2/4/2024 2:00:00 AM,WEST,-1.779
2/4/2024 7:00:00 AM,2/4/2024 2:00:00 AM,RTO,-9.259
2/4/2024 7:00:00 AM,2/4/2024 2:00:00 AM,RFC,-3.840
2/4/2024 8:00:00 AM,2/4/2024 3:00:00 AM,MIDATL,-3.054
2/4/2024 8:00:00 AM,2/4/2024 3:00:00 AM,OTHER,0.000
2/4/2024 8:00:00 AM,2/4/2024 3:00:00 AM,SOUTH,-5.353
2/4/2024 8:00:00 AM,2/4/2024 3:00:00 AM,WEST,-2.790
2/4/2024 8:00:00 AM,2/4/2024 3:00:00 AM,RTO,-11.197
2/4/2024 8:00:00 AM,2/4/2024 3:00:00 AM,RFC,-5.844
2/4/2024 9:00:00 AM,2/4/2024 4:00:00 AM,MIDATL,-2.087
2/4/2024 9:00:00 AM,2/4/2024 4:00:00 AM,OTHER,0.000
2/4/2024 9:00:00 AM,2/4/2024 4:00:00 AM,SOUTH,-5.336
2/4/2024 9:00:00 AM,2/4/2024 4:00:00 AM,WEST,-2.791
2/4/2024 9:00:00 AM,2/4/2024 4:00:00 AM,RTO,-10.214
2/4/2024 9:00:00 AM,2/4/2024 4:00:00 AM,RFC,-4.878
2/4/2024 10:00:00 AM,2/4/2024 5:00:00 AM,MIDATL,-2.048
2/4/2024 10:00:00 AM,2/4/2024 5:00:00 AM,OTHER,0.000
2/4/2024 10:00:00 AM,2/4/2024 5:00:00 AM,SOUTH,-5.583
2/4/2024 10:00:00 AM,2/4/2024 5:00:00 AM,WEST,-1.778
2/4/2024 10:00:00 AM,2/4/2024 5:00:00 AM,RTO,-9.409
2/4/2024 10:00:00 AM,2/4/2024 5:00:00 AM,RFC,-3.826
2/4/2024 11:00:00 AM,2/4/2024 6:00:00 AM,MIDATL,1.422
2/4/2024 11:00:00 AM,2/4/2024 6:00:00 AM,OTHER,0.000
2/4/2024 11:00:00 AM,2/4/2024 6:00:00 AM,SOUTH,-5.124
2/4/2024 11:00:00 AM,2/4/2024 6:00:00 AM,WEST,-2.758
2/4/2024 11:00:00 AM,2/4/2024 6:00:00 AM,RTO,-6.460
2/4/2024 11:00:00 AM,2/4/2024 6:00:00 AM,RFC,-1.336
2/4/2024 12:00:00 PM,2/4/2024 7:00:00 AM,MIDATL,81.236
2/4/2024 12:00:00 PM,2/4/2024 7:00:00 AM,OTHER,1.629
2/4/2024 12:00:00 PM,2/4/2024 7:00:00 AM,SOUTH,223.781
2/4/2024 12:00:00 PM,2/4/2024 7:00:00 AM,WEST,23.616
2/4/2024 12:00:00 PM,2/4/2024 7:00:00 AM,RTO,328.633
2/4/2024 12:00:00 PM,2/4/2024 7:00:00 AM,RFC,104.852
2/4/2024 1:00:00 PM,2/4/2024 8:00:00 AM,MIDATL,458.643
2/4/2024 1:00:00 PM,2/4/2024 8:00:00 AM,OTHER,85.527
2/4/2024 1:00:00 PM,2/4/2024 8:00:00 AM,SOUTH,1655.407
2/4/2024 1:00:00 PM,2/4/2024 8:00:00 AM,WEST,547.238
2/4/2024 1:00:00 PM,2/4/2024 8:00:00 AM,RTO,2661.288
2/4/2024 1:00:00 PM,2/4/2024 8:00:00 AM,RFC,1005.881
2/4/2024 2:00:00 PM,2/4/2024 9:00:00 AM,MIDATL,854.278
2/4/2024 2:00:00 PM,2/4/2024 9:00:00 AM,OTHER,229.761
2/4/2024 2:00:00 PM,2/4/2024 9:00:00 AM,SOUTH,2794.544
2/4/2024 2:00:00 PM,2/4/2024 9:00:00 AM,WEST,1369.440
2/4/2024 2:00:00 PM,2/4/2024 9:00:00 AM,RTO,5018.262
2/4/2024 2:00:00 PM,2/4/2024 9:00:00 AM,RFC,2223.718
2/4/2024 3:00:00 PM,2/4/2024 10:00:00 AM,MIDATL,1010.300
2/4/2024 3:00:00 PM,2/4/2024 10:00:00 AM,OTHER,261.513
2/4/2024 3:00:00 PM,2/4/2024 10:00:00 AM,SOUTH,2873.611
2/4/2024 3:00:00 PM,2/4/2024 10:00:00 AM,WEST,1604.806
2/4/2024 3:00:00 PM,2/4/2024 10:00:00 AM,RTO,5488.717
2/4/2024 3:00:00 PM,2/4/2024 10:00:00 AM,RFC,2615.106
2/4/2024 4:00:00 PM,2/4/2024 11:00:00 AM,MIDATL,1048.698
2/4/2024 4:00:00 PM,2/4/2024 11:00:00 AM,OTHER,253.009
2/4/2024 4:00:00 PM,2/4/2024 11:00:00 AM,SOUTH,2785.130
2/4/2024 4:00:00 PM,2/4/2024 11:00:00 AM,WEST,1660.135
2/4/2024 4:00:00 PM,2/4/2024 11:00:00 AM,RTO,5493.963
2/4/2024 4:00:00 PM,2/4/2024 11:00:00 AM,RFC,2708.833
2/4/2024 5:00:00 PM,2/4/2024 12:00:00 PM,MIDATL,1044.911
2/4/2024 5:00:00 PM,2/4/2024 12:00:00 PM,OTHER,242.338
2/4/2024 5:00:00 PM,2/4/2024 12:00:00 PM,SOUTH,2751.282
2/4/2024 5:00:00 PM,2/4/2024 12:00:00 PM,WEST,1724.913
2/4/2024 5:00:00 PM,2/4/2024 12:00:00 PM,RTO,5521.106
2/4/2024 5:00:00 PM,2/4/2024 12:00:00 PM,RFC,2769.824
2/4/2024 6:00:00 PM,2/4/2024 1:00:00 PM,MIDATL,1015.439
2/4/2024 6:00:00 PM,2/4/2024 1:00:00 PM,OTHER,251.855
2/4/2024 6:00:00 PM,2/4/2024 1:00:00 PM,SOUTH,2793.810
2/4/2024 6:00:00 PM,2/4/2024 1:00:00 PM,WEST,1804.378
2/4/2024 6:00:00 PM,2/4/2024 1:00:00 PM,RTO,5613.627
2/4/2024 6:00:00 PM,2/4/2024 1:00:00 PM,RFC,2819.817
2/4/2024 7:00:00 PM,2/4/2024 2:00:00 PM,MIDATL,920.117
2/4/2024 7:00:00 PM,2/4/2024 2:00:00 PM,OTHER,232.403
2/4/2024 7:00:00 PM,2/4/2024 2:00:00 PM,SOUTH,2854.476
2/4/2024 7:00:00 PM,2/4/2024 2:00:00 PM,WEST,1882.624
2/4/2024 7:00:00 PM,2/4/2024 2:00:00 PM,RTO,5657.217
2/4/2024 7:00:00 PM,2/4/2024 2:00:00 PM,RFC,2802.741
2/4/2024 8:00:00 PM,2/4/2024 3:00:00 PM,MIDATL,657.094
2/4/2024 8:00:00 PM,2/4/2024 3:00:00 PM,OTHER,215.996
2/4/2024 8:00:00 PM,2/4/2024 3:00:00 PM,SOUTH,2583.769
2/4/2024 8:00:00 PM,2/4/2024 3:00:00 PM,WEST,1825.860
2/4/2024 8:00:00 PM,2/4/2024 3:00:00 PM,RTO,5066.723
2/4/2024 8:00:00 PM,2/4/2024 3:00:00 PM,RFC,2482.954
2/4/2024 9:00:00 PM,2/4/2024 4:00:00 PM,MIDATL,212.727
2/4/2024 9:00:00 PM,2/4/2024 4:00:00 PM,OTHER,115.250
2/4/2024 9:00:00 PM,2/4/2024 4:00:00 PM,SOUTH,1151.074
2/4/2024 9:00:00 PM,2/4/2024 4:00:00 PM,WEST,1110.199
2/4/2024 9:00:00 PM,2/4/2024 4:00:00 PM,RTO,2474.000
2/4/2024 9:00:00 PM,2/4/2024 4:00:00 PM,RFC,1322.926
2/4/2024 10:00:00 PM,2/4/2024 5:00:00 PM,MIDATL,4.901
2/4/2024 10:00:00 PM,2/4/2024 5:00:00 PM,OTHER,20.329
2/4/2024 10:00:00 PM,2/4/2024 5:00:00 PM,SOUTH,45.539
2/4/2024 10:00:00 PM,2/4/2024 5:00:00 PM,WEST,149.371
2/4/2024 10:00:00 PM,2/4/2024 5:00:00 PM,RTO,199.811
2/4/2024 10:00:00 PM,2/4/2024 5:00:00 PM,RFC,154.272
2/4/2024 11:00:00 PM,2/4/2024 6:00:00 PM,MIDATL,-1.970
2/4/2024 11:00:00 PM,2/4/2024 6:00:00 PM,OTHER,0.000
2/4/2024 11:00:00 PM,2/4/2024 6:00:00 PM,SOUTH,-5.407
2/4/2024 11:00:00 PM,2/4/2024 6:00:00 PM,WEST,-1.706
2/4/2024 11:00:00 PM,2/4/2024 6:00:00 PM,RTO,-9.083
2/4/2024 11:00:00 PM,2/4/2024 6:00:00 PM,RFC,-3.676
2/5/2024 12:00:00 AM,2/4/2024 7:00:00 PM,MIDATL,-1.996
2/5/2024 12:00:00 AM,2/4/2024 7:00:00 PM,OTHER,0.000
2/5/2024 12:00:00 AM,2/4/2024 7:00:00 PM,SOUTH,-5.373
2/5/2024 12:00:00 AM,2/4/2024 7:00:00 PM,WEST,-2.751
2/5/2024 12:00:00 AM,2/4/2024 7:00:00 PM,RTO,-10.120
2/5/2024 12:00:00 AM,2/4/2024 7:00:00 PM,RFC,-4.747
2/5/2024 1:00:00 AM,2/4/2024 8:00:00 PM,MIDATL,-2.002
2/5/2024 1:00:00 AM,2/4/2024 8:00:00 PM,OTHER,0.000
2/5/2024 1:00:00 AM,2/4/2024 8:00:00 PM,SOUTH,-5.356
2/5/2024 1:00:00 AM,2/4/2024 8:00:00 PM,WEST,-2.769
2/5/2024 1:00:00 AM,2/4/2024 8:00:00 PM,RTO,-10.127
2/5/2024 1:00:00 AM,2/4/2024 8:00:00 PM,RFC,-4.771
2/5/2024 2:00:00 AM,2/4/2024 9:00:00 PM,MIDATL,-1.969
2/5/2024 2:00:00 AM,2/4/2024 9:00:00 PM,OTHER,0.000
2/5/2024 2:00:00 AM,2/4/2024 9:00:00 PM,SOUTH,-5.299
2/5/2024 2:00:00 AM,2/4/2024 9:00:00 PM,WEST,-1.779
2/5/2024 2:00:00 AM,2/4/2024 9:00:00 PM,RTO,-9.047
2/5/2024 2:00:00 AM,2/4/2024 9:00:00 PM,RFC,-3.748
2/5/2024 3:00:00 AM,2/4/2024 10:00:00 PM,MIDATL,-2.013
2/5/2024 3:00:00 AM,2/4/2024 10:00:00 PM,OTHER,0.000
2/5/2024 3:00:00 AM,2/4/2024 10:00:00 PM,SOUTH,-5.478
2/5/2024 3:00:00 AM,2/4/2024 10:00:00 PM,WEST,-1.779
2/5/2024 3:00:00 AM,2/4/2024 10:00:00 PM,RTO,-9.270
2/5/2024 3:00:00 AM,2/4/2024 10:00:00 PM,RFC,-3.792
2/5/2024 4:00:00 AM,2/4/2024 11:00:00 PM,MIDATL,-2.002
2/5/2024 4:00:00 AM,2/4/2024 11:00:00 PM,OTHER,0.000
2/5/2024 4:00:00 AM,2/4/2024 11:00:00 PM,SOUTH,-5.571
2/5/2024 4:00:00 AM,2/4/2024 11:00:00 PM,WEST,-3.780
2/5/2024 4:00:00 AM,2/4/2024 11:00:00 PM,RTO,-11.353
2/5/2024 4:00:00 AM,2/4/2024 11:00:00 PM,RFC,-5.782
2/5/2024 5:00:00 AM,2/5/2024 12:00:00 AM,MIDATL,-2.940
2/5/2024 5:00:00 AM,2/5/2024 12:00:00 AM,OTHER,0.000
2/5/2024 5:00:00 AM,2/5/2024 12:00:00 AM,SOUTH,-5.556
2/5/2024 5:00:00 AM,2/5/2024 12:00:00 AM,WEST,-1.791
2/5/2024 5:00:00 AM,2/5/2024 12:00:00 AM,RTO,-10.287
2/5/2024 5:00:00 AM,2/5/2024 12:00:00 AM,RFC,-4.731
2/5/2024 6:00:00 AM,2/5/2024 1:00:00 AM,MIDATL,-1.913
2/5/2024 6:00:00 AM,2/5/2024 1:00:00 AM,OTHER,0.000
2/5/2024 6:00:00 AM,2/5/2024 1:00:00 AM,SOUTH,-5.344
2/5/2024 6:00:00 AM,2/5/2024 1:00:00 AM,WEST,-1.793
2/5/2024 6:00:00 AM,2/5/2024 1:00:00 AM,RTO,-9.050
2/5/2024 6:00:00 AM,2/5/2024 1:00:00 AM,RFC,-3.706
2/5/2024 7:00:00 AM,2/5/2024 2:00:00 AM,MIDATL,-1.946
2/5/2024 7:00:00 AM,2/5/2024 2:00:00 AM,OTHER,0.000
2/5/2024 7:00:00 AM,2/5/2024 2:00:00 AM,SOUTH,-5.525
2/5/2024 7:00:00 AM,2/5/2024 2:00:00 AM,WEST,-3.783
2/5/2024 7:00:00 AM,2/5/2024 2:00:00 AM,RTO,-11.254
2/5/2024 7:00:00 AM,2/5/2024 2:00:00 AM,RFC,-5.729
2/5/2024 8:00:00 AM,2/5/2024 3:00:00 AM,MIDATL,-1.957
2/5/2024 8:00:00 AM,2/5/2024 3:00:00 AM,OTHER,0.000
2/5/2024 8:00:00 AM,2/5/2024 3:00:00 AM,SOUTH,-5.621
2/5/2024 8:00:00 AM,2/5/2024 3:00:00 AM,WEST,-1.779
2/5/2024 8:00:00 AM,2/5/2024 3:00:00 AM,RTO,-9.357
2/5/2024 8:00:00 AM,2/5/2024 3:00:00 AM,RFC,-3.736
2/5/2024 9:00:00 AM,2/5/2024 4:00:00 AM,MIDATL,-1.967
2/5/2024 9:00:00 AM,2/5/2024 4:00:00 AM,OTHER,0.000
2/5/2024 9:00:00 AM,2/5/2024 4:00:00 AM,SOUTH,-5.614
2/5/2024 9:00:00 AM,2/5/2024 4:00:00 AM,WEST,-1.792
2/5/2024 9:00:00 AM,2/5/2024 4:00:00 AM,RTO,-9.373
2/5/2024 9:00:00 AM,2/5/2024 4:00:00 AM,RFC,-3.759
2/5/2024 10:00:00 AM,2/5/2024 5:00:00 AM,MIDATL,-1.891
2/5/2024 10:00:00 AM,2/5/2024 5:00:00 AM,OTHER,0.000
2/5/2024 10:00:00 AM,2/5/2024 5:00:00 AM,SOUTH,-5.542
2/5/2024 10:00:00 AM,2/5/2024 5:00:00 AM,WEST,-2.777
2/5/2024 10:00:00 AM,2/5/2024 5:00:00 AM,RTO,-10.210
2/5/2024 10:00:00 AM,2/5/2024 5:00:00 AM,RFC,-4.668
2/5/2024 11:00:00 AM,2/5/2024 6:00:00 AM,MIDATL,0.680
2/5/2024 11:00:00 AM,2/5/2024 6:00:00 AM,OTHER,0.000
2/5/2024 11:00:00 AM,2/5/2024 6:00:00 AM,SOUTH,-5.663
2/5/2024 11:00:00 AM,2/5/2024 6:00:00 AM,WEST,-2.776
2/5/2024 11:00:00 AM,2/5/2024 6:00:00 AM,RTO,-7.759
2/5/2024 11:00:00 AM,2/5/2024 6:00:00 AM,RFC,-2.096
2/5/2024 12:00:00 PM,2/5/2024 7:00:00 AM,MIDATL,82.256
2/5/2024 12:00:00 PM,2/5/2024 7:00:00 AM,OTHER,2.046
2/5/2024 12:00:00 PM,2/5/2024 7:00:00 AM,SOUTH,207.972
2/5/2024 12:00:00 PM,2/5/2024 7:00:00 AM,WEST,24.246
2/5/2024 12:00:00 PM,2/5/2024 7:00:00 AM,RTO,314.474
2/5/2024 12:00:00 PM,2/5/2024 7:00:00 AM,RFC,106.502
2/5/2024 1:00:00 PM,2/5/2024 8:00:00 AM,MIDATL,456.647
2/5/2024 1:00:00 PM,2/5/2024 8:00:00 AM,OTHER,88.205
2/5/2024 1:00:00 PM,2/5/2024 8:00:00 AM,SOUTH,1597.872
2/5/2024 1:00:00 PM,2/5/2024 8:00:00 AM,WEST,516.830
2/5/2024 1:00:00 PM,2/5/2024 8:00:00 AM,RTO,2571.349
2/5/2024 1:00:00 PM,2/5/2024 8:00:00 AM,RFC,973.477
2/5/2024 2:00:00 PM,2/5/2024 9:00:00 AM,MIDATL,839.704
2/5/2024 2:00:00 PM,2/5/2024 9:00:00 AM,OTHER,243.730
2/5/2024 2:00:00 PM,2/5/2024 9:00:00 AM,SOUTH,2709.188
2/5/2024 2:00:00 PM,2/5/2024 9:00:00 AM,WEST,1310.119
2/5/2024 2:00:00 PM,2/5/2024 9:00:00 AM,RTO,4859.011
2/5/2024 2:00:00 PM,2/5/2024 9:00:00 AM,RFC,2149.823
2/5/2024 3:00:00 PM,2/5/2024 10:00:00 AM,MIDATL,984.976
2/5/2024 3:00:00 PM,2/5/2024 10:00:00 AM,OTHER,279.106
2/5/2024 3:00:00 PM,2/5/2024 10:00:00 AM,SOUTH,2877.894
2/5/2024 3:00:00 PM,2/5/2024 10:00:00 AM,WEST,1569.786
2/5/2024 3:00:00 PM,2/5/2024 10:00:00 AM,RTO,5432.656
2/5/2024 3:00:00 PM,2/5/2024 10:00:00 AM,RFC,2554.762
2/5/2024 4:00:00 PM,2/5/2024 11:00:00 AM,MIDATL,1022.139
2/5/2024 4:00:00 PM,2/5/2024 11:00:00 AM,OTHER,264.410
2/5/2024 4:00:00 PM,2/5/2024 11:00:00 AM,SOUTH,2806.471
2/5/2024 4:00:00 PM,2/5/2024 11:00:00 AM,WEST,1591.339
2/5/2024 4:00:00 PM,2/5/2024 11:00:00 AM,RTO,5419.949
2/5/2024 4:00:00 PM,2/5/2024 11:00:00 AM,RFC,2613.478
2/5/2024 5:00:00 PM,2/5/2024 12:00:00 PM,MIDATL,1017.111
2/5/2024 5:00:00 PM,2/5/2024 12:00:00 PM,OTHER,253.860
2/5/2024 5:00:00 PM,2/5/2024 12:00:00 PM,SOUTH,2763.657
2/5/2024 5:00:00 PM,2/5/2024 12:00:00 PM,WEST,1639.060
2/5/2024 5:00:00 PM,2/5/2024 12:00:00 PM,RTO,5419.828
2/5/2024 5:00:00 PM,2/5/2024 12:00:00 PM,RFC,2656.171
2/5/2024 6:00:00 PM,2/5/2024 1:00:00 PM,MIDATL,980.832
2/5/2024 6:00:00 PM,2/5/2024 1:00:00 PM,OTHER,260.001
2/5/2024 6:00:00 PM,2/5/2024 1:00:00 PM,SOUTH,2800.567
2/5/2024 6:00:00 PM,2/5/2024 1:00:00 PM,WEST,1667.020
2/5/2024 6:00:00 PM,2/5/2024 1:00:00 PM,RTO,5448.419
2/5/2024 6:00:00 PM,2/5/2024 1:00:00 PM,RFC,2647.852
2/5/2024 7:00:00 PM,2/5/2024 2:00:00 PM,MIDATL,893.146
2/5/2024 7:00:00 PM,2/5/2024 2:00:00 PM,OTHER,276.740
2/5/2024 7:00:00 PM,2/5/2024 2:00:00 PM,SOUTH,2859.324
2/5/2024 7:00:00 PM,2/5/2024 2:00:00 PM,WEST,1669.201
2/5/2024 7:00:00 PM,2/5/2024 2:00:00 PM,RTO,5421.671
2/5/2024 7:00:00 PM,2/5/2024 2:00:00 PM,RFC,2562.347
2/5/2024 8:00:00 PM,2/5/2024 3:00:00 PM,MIDATL,631.902
2/5/2024 8:00:00 PM,2/5/2024 3:00:00 PM,OTHER,287.730
2/5/2024 8:00:00 PM,2/5/2024 3:00:00 PM,SOUTH,2611.973
2/5/2024 8:00:00 PM,2/5/2024 3:00:00 PM,WEST,1552.168
2/5/2024 8:00:00 PM,2/5/2024 3:00:00 PM,RTO,4796.043
2/5/2024 8:00:00 PM,2/5/2024 3:00:00 PM,RFC,2184.070
2/5/2024 9:00:00 PM,2/5/2024 4:00:00 PM,MIDATL,208.005
2/5/2024 9:00:00 PM,2/5/2024 4:00:00 PM,OTHER,208.848
2/5/2024 9:00:00 PM,2/5/2024 4:00:00 PM,SOUTH,1235.176
2/5/2024 9:00:00 PM,2/5/2024 4:00:00 PM,WEST,1002.689
2/5/2024 9:00:00 PM,2/5/2024 4:00:00 PM,RTO,2445.870
2/5/2024 9:00:00 PM,2/5/2024 4:00:00 PM,RFC,1210.694
2/5/2024 10:00:00 PM,2/5/2024 5:00:00 PM,MIDATL,5.911
2/5/2024 10:00:00 PM,2/5/2024 5:00:00 PM,OTHER,48.751
2/5/2024 10:00:00 PM,2/5/2024 5:00:00 PM,SOUTH,78.926
2/5/2024 10:00:00 PM,2/5/2024 5:00:00 PM,WEST,171.206
2/5/2024 10:00:00 PM,2/5/2024 5:00:00 PM,RTO,256.043
2/5/2024 10:00:00 PM,2/5/2024 5:00:00 PM,RFC,177.117
2/5/2024 11:00:00 PM,2/5/2024 6:00:00 PM,MIDATL,-1.896
2/5/2024 11:00:00 PM,2/5/2024 6:00:00 PM,OTHER,0.104
2/5/2024 11:00:00 PM,2/5/2024 6:00:00 PM,SOUTH,-5.489
2/5/2024 11:00:00 PM,2/5/2024 6:00:00 PM,WEST,-1.700
2/5/2024 11:00:00 PM,2/5/2024 6:00:00 PM,RTO,-9.085
2/5/2024 11:00:00 PM,2/5/2024 6:00:00 PM,RFC,-3.596
2/6/2024 12:00:00 AM,2/5/2024 7:00:00 PM,MIDATL,-1.875
2/6/2024 12:00:00 AM,2/5/2024 7:00:00 PM,OTHER,0.000
2/6/2024 12:00:00 AM,2/5/2024 7:00:00 PM,SOUTH,-5.250
2/6/2024 12:00:00 AM,2/5/2024 7:00:00 PM,WEST,-1.825
2/6/2024 12:00:00 AM,2/5/2024 7:00:00 PM,RTO,-8.950
2/6/2024 12:00:00 AM,2/5/2024 7:00:00 PM,RFC,-3.700
2/6/2024 1:00:00 AM,2/5/2024 8:00:00 PM,MIDATL,-1.873
2/6/2024 1:00:00 AM,2/5/2024 8:00:00 PM,OTHER,0.000
2/6/2024 1:00:00 AM,2/5/2024 8:00:00 PM,SOUTH,-5.301
2/6/2024 1:00:00 AM,2/5/2024 8:00:00 PM,WEST,-2.843
2/6/2024 1:00:00 AM,2/5/2024 8:00:00 PM,RTO,-10.017
2/6/2024 1:00:00 AM,2/5/2024 8:00:00 PM,RFC,-4.716
2/6/2024 2:00:00 AM,2/5/2024 9:00:00 PM,MIDATL,-1.894
2/6/2024 2:00:00 AM,2/5/2024 9:00:00 PM,OTHER,0.000
2/6/2024 2:00:00 AM,2/5/2024 9:00:00 PM,SOUTH,-5.314
2/6/2024 2:00:00 AM,2/5/2024 9:00:00 PM,WEST,-2.844
2/6/2024 2:00:00 AM,2/5/2024 9:00:00 PM,RTO,-10.052
2/6/2024 2:00:00 AM,2/5/2024 9:00:00 PM,RFC,-4.738
2/6/2024 3:00:00 AM,2/5/2024 10:00:00 PM,MIDATL,-2.918
2/6/2024 3:00:00 AM,2/5/2024 10:00:00 PM,OTHER,0.000
2/6/2024 3:00:00 AM,2/5/2024 10:00:00 PM,SOUTH,-5.310
2/6/2024 3:00:00 AM,2/5/2024 10:00:00 PM,WEST,-1.830
2/6/2024 3:00:00 AM,2/5/2024 10:00:00 PM,RTO,-10.058
2/6/2024 3:00:00 AM,2/5/2024 10:00:00 PM,RFC,-4.748
2/6/2024 4:00:00 AM,2/5/2024 11:00:00 PM,MIDATL,-1.893
2/6/2024 4:00:00 AM,2/5/2024 11:00:00 PM,OTHER,0.000
2/6/2024 4:00:00 AM,2/5/2024 11:00:00 PM,SOUTH,-5.206
2/6/2024 4:00:00 AM,2/5/2024 11:00:00 PM,WEST,-2.857
2/6/2024 4:00:00 AM,2/5/2024 11:00:00 PM,RTO,-9.956
2/6/2024 4:00:00 AM,2/5/2024 11:00:00 PM,RFC,-4.750
2/6/2024 5:00:00 AM,2/6/2024 12:00:00 AM,MIDATL,0.000
2/6/2024 5:00:00 AM,2/6/2024 12:00:00 AM,OTHER,0.000
2/6/2024 5:00:00 AM,2/6/2024 12:00:00 AM,SOUTH,0.000
2/6/2024 5:00:00 AM,2/6/2024 12:00:00 AM,WEST,0.000
2/6/2024 5:00:00 AM,2/6/2024 12:00:00 AM,RTO,0.000
2/6/2024 5:00:00 AM,2/6/2024 12:00:00 AM,RFC,0.000
2/6/2024 6:00:00 AM,2/6/2024 1:00:00 AM,MIDATL,0.000
2/6/2024 6:00:00 AM,2/6/2024 1:00:00 AM,OTHER,0.000
2/6/2024 6:00:00 AM,2/6/2024 1:00:00 AM,SOUTH,0.000
2/6/2024 6:00:00 AM,2/6/2024 1:00:00 AM,WEST,0.000
2/6/2024 6:00:00 AM,2/6/2024 1:00:00 AM,RTO,0.000
2/6/2024 6:00:00 AM,2/6/2024 1:00:00 AM,RFC,0.000
2/6/2024 7:00:00 AM,2/6/2024 2:00:00 AM,MIDATL,0.000
2/6/2024 7:00:00 AM,2/6/2024 2:00:00 AM,OTHER,0.000
2/6/2024 7:00:00 AM,2/6/2024 2:00:00 AM,SOUTH,0.000
2/6/2024 7:00:00 AM,2/6/2024 2:00:00 AM,WEST,0.000
2/6/2024 7:00:00 AM,2/6/2024 2:00:00 AM,RTO,0.000
2/6/2024 7:00:00 AM,2/6/2024 2:00:00 AM,RFC,0.000
2/6/2024 8:00:00 AM,2/6/2024 3:00:00 AM,MIDATL,0.000
2/6/2024 8:00:00 AM,2/6/2024 3:00:00 AM,OTHER,0.000
2/6/2024 8:00:00 AM,2/6/2024 3:00:00 AM,SOUTH,0.000
2/6/2024 8:00:00 AM,2/6/2024 3:00:00 AM,WEST,0.000
2/6/2024 8:00:00 AM,2/6/2024 3:00:00 AM,RTO,0.000
2/6/2024 8:00:00 AM,2/6/2024 3:00:00 AM,RFC,0.000
2/6/2024 9:00:00 AM,2/6/2024 4:00:00 AM,MIDATL,0.000
2/6/2024 9:00:00 AM,2/6/2024 4:00:00 AM,OTHER,0.000
2/6/2024 9:00:00 AM,2/6/2024 4:00:00 AM,SOUTH,0.000
2/6/2024 9:00:00 AM,2/6/2024 4:00:00 AM,WEST,0.000
2/6/2024 9:00:00 AM,2/6/2024 4:00:00 AM,RTO,0.000
2/6/2024 9:00:00 AM,2/6/2024 4:00:00 AM,RFC,0.000
2/6/2024 10:00:00 AM,2/6/2024 5:00:00 AM,MIDATL,0.000
2/6/2024 10:00:00 AM,2/6/2024 5:00:00 AM,OTHER,0.000
2/6/2024 10:00:00 AM,2/6/2024 5:00:00 AM,SOUTH,0.000
2/6/2024 10:00:00 AM,2/6/2024 5:00:00 AM,WEST,0.000
2/6/2024 10:00:00 AM,2/6/2024 5:00:00 AM,RTO,0.000
2/6/2024 10:00:00 AM,2/6/2024 5:00:00 AM,RFC,0.000
2/6/2024 11:00:00 AM,2/6/2024 6:00:00 AM,MIDATL,0.000
2/6/2024 11:00:00 AM,2/6/2024 6:00:00 AM,OTHER,0.000
2/6/2024 11:00:00 AM,2/6/2024 6:00:00 AM,SOUTH,0.000
2/6/2024 11:00:00 AM,2/6/2024 6:00:00 AM,WEST,0.000
2/6/2024 11:00:00 AM,2/6/2024 6:00:00 AM,RTO,0.000
2/6/2024 11:00:00 AM,2/6/2024 6:00:00 AM,RFC,0.000
2/6/2024 12:00:00 PM,2/6/2024 7:00:00 AM,MIDATL,0.000
2/6/2024 12:00:00 PM,2/6/2024 7:00:00 AM,OTHER,0.000
2/6/2024 12:00:00 PM,2/6/2024 7:00:00 AM,SOUTH,0.000
2/6/2024 12:00:00 PM,2/6/2024 7:00:00 AM,WEST,0.000
2/6/2024 12:00:00 PM,2/6/2024 7:00:00 AM,RTO,0.000
2/6/2024 12:00:00 PM,2/6/2024 7:00:00 AM,RFC,0.000
2/6/2024 1:00:00 PM,2/6/2024 8:00:00 AM,MIDATL,0.000
2/6/2024 1:00:00 PM,2/6/2024 8:00:00 AM,OTHER,0.000
2/6/2024 1:00:00 PM,2/6/2024 8:00:00 AM,SOUTH,0.000
2/6/2024 1:00:00 PM,2/6/2024 8:00:00 AM,WEST,0.000
2/6/2024 1:00:00 PM,2/6/2024 8:00:00 AM,RTO,0.000
2/6/2024 1:00:00 PM,2/6/2024 8:00:00 AM,RFC,0.000
2/6/2024 2:00:00 PM,2/6/2024 9:00:00 AM,MIDATL,0.000
2/6/2024 2:00:00 PM,2/6/2024 9:00:00 AM,OTHER,0.000
2/6/2024 2:00:00 PM,2/6/2024 9:00:00 AM,SOUTH,0.000
2/6/2024 2:00:00 PM,2/6/2024 9:00:00 AM,WEST,0.000
2/6/2024 2:00:00 PM,2/6/2024 9:00:00 AM,RTO,0.000
2/6/2024 2:00:00 PM,2/6/2024 9:00:00 AM,RFC,0.000
2/6/2024 3:00:00 PM,2/6/2024 10:00:00 AM,MIDATL,0.000
2/6/2024 3:00:00 PM,2/6/2024 10:00:00 AM,OTHER,0.000
2/6/2024 3:00:00 PM,2/6/2024 10:00:00 AM,SOUTH,0.000
2/6/2024 3:00:00 PM,2/6/2024 10:00:00 AM,WEST,0.000
2/6/2024 3:00:00 PM,2/6/2024 10:00:00 AM,RTO,0.000
2/6/2024 3:00:00 PM,2/6/2024 10:00:00 AM,RFC,0.000
2/6/2024 4:00:00 PM,2/6/2024 11:00:00 AM,MIDATL,0.000
2/6/2024 4:00:00 PM,2/6/2024 11:00:00 AM,OTHER,0.000
2/6/2024 4:00:00 PM,2/6/2024 11:00:00 AM,SOUTH,0.000
2/6/2024 4:00:00 PM,2/6/2024 11:00:00 AM,WEST,0.000
2/6/2024 4:00:00 PM,2/6/2024 11:00:00 AM,RTO,0.000
2/6/2024 4:00:00 PM,2/6/2024 11:00:00 AM,RFC,0.000
2/6/2024 5:00:00 PM,2/6/2024 12:00:00 PM,MIDATL,0.000
2/6/2024 5:00:00 PM,2/6/2024 12:00:00 PM,OTHER,0.000
2/6/2024 5:00:00 PM,2/6/2024 12:00:00 PM,SOUTH,0.000
2/6/2024 5:00:00 PM,2/6/2024 12:00:00 PM,WEST,0.000
2/6/2024 5:00:00 PM,2/6/2024 12:00:00 PM,RTO,0.000
2/6/2024 5:00:00 PM,2/6/2024 12:00:00 PM,RFC,0.000
2/6/2024 6:00:00 PM,2/6/2024 1:00:00 PM,MIDATL,0.000
2/6/2024 6:00:00 PM,2/6/2024 1:00:00 PM,OTHER,0.000
2/6/2024 6:00:00 PM,2/6/2024 1:00:00 PM,SOUTH,0.000
2/6/2024 6:00:00 PM,2/6/2024 1:00:00 PM,WEST,0.000
2/6/2024 6:00:00 PM,2/6/2024 1:00:00 PM,RTO,0.000
2/6/2024 6:00:00 PM,2/6/2024 1:00:00 PM,RFC,0.000
2/6/2024 7:00:00 PM,2/6/2024 2:00:00 PM,MIDATL,0.000
2/6/2024 7:00:00 PM,2/6/2024 2:00:00 PM,OTHER,0.000
2/6/2024 7:00:00 PM,2/6/2024 2:00:00 PM,SOUTH,0.000
2/6/2024 7:00:00 PM,2/6/2024 2:00:00 PM,WEST,0.000
2/6/2024 7:00:00 PM,2/6/2024 2:00:00 PM,RTO,0.000
2/6/2024 7:00:00 PM,2/6/2024 2:00:00 PM,RFC,0.000
2/6/2024 8:00:00 PM,2/6/2024 3:00:00 PM,MIDATL,0.000
2/6/2024 8:00:00 PM,2/6/2024 3:00:00 PM,OTHER,0.000
2/6/2024 8:00:00 PM,2/6/2024 3:00:00 PM,SOUTH,0.000
2/6/2024 8:00:00 PM,2/6/2024 3:00:00 PM,WEST,0.000
2/6/2024 8:00:00 PM,2/6/2024 3:00:00 PM,RTO,0.000
2/6/2024 8:00:00 PM,2/6/2024 3:00:00 PM,RFC,0.000
2/6/2024 9:00:00 PM,2/6/2024 4:00:00 PM,MIDATL,0.000
2/6/2024 9:00:00 PM,2/6/2024 4:00:00 PM,OTHER,0.000
2/6/2024 9:00:00 PM,2/6/2024 4:00:00 PM,SOUTH,0.000
2/6/2024 9:00:00 PM,2/6/2024 4:00:00 PM,WEST,0.000
2/6/2024 9:00:00 PM,2/6/2024 4:00:00 PM,RTO,0.000
2/6/2024 9:00:00 PM,2/6/2024 4:00:00 PM,RFC,0.000
2/6/2024 10:00:00 PM,2/6/2024 5:00:00 PM,MIDATL,0.000
2/6/2024 10:00:00 PM,2/6/2024 5:00:00 PM,OTHER,0.000
2/6/2024 10:00:00 PM,2/6/2024 5:00:00 PM,SOUTH,0.000
2/6/2024 10:00:00 PM,2/6/2024 5:00:00 PM,WEST,0.000
2/6/2024 10:00:00 PM,2/6/2024 5:00:00 PM,RTO,0.000
2/6/2024 10:00:00 PM,2/6/2024 5:00:00 PM,RFC,0.000
2/6/2024 11:00:00 PM,2/6/2024 6:00:00 PM,MIDATL,0.000
2/6/2024 11:00:00 PM,2/6/2024 6:00:00 PM,OTHER,0.000
2/6/2024 11:00:00 PM,2/6/2024 6:00:00 PM,SOUTH,0.000
2/6/2024 11:00:00 PM,2/6/2024 6:00:00 PM,WEST,0.000
2/6/2024 11:00:00 PM,2/6/2024 6:00:00 PM,RTO,0.000
2/6/2024 11:00:00 PM,2/6/2024 6:00:00 PM,RFC,0.000
2/7/2024 12:00:00 AM,2/6/2024 7:00:00 PM,MIDATL,0.000
2/7/2024 12:00:00 AM,2/6/2024 7:00:00 PM,OTHER,0.000
2/7/2024 12:00:00 AM,2/6/2024 7:00:00 PM,SOUTH,0.000
2/7/2024 12:00:00 AM,2/6/2024 7:00:00 PM,WEST,0.000
2/7/2024 12:00:00 AM,2/6/2024 7:00:00 PM,RTO,0.000
2/7/2024 12:00:00 AM,2/6/2024 7:00:00 PM,RFC,0.000
2/7/2024 1:00:00 AM,2/6/2024 8:00:00 PM,MIDATL,0.000
2/7/2024 1:00:00 AM,2/6/2024 8:00:00 PM,OTHER,0.000
2/7/2024 1:00:00 AM,2/6/2024 8:00:00 PM,SOUTH,0.000
2/7/2024 1:00:00 AM,2/6/2024 8:00:00 PM,WEST,0.000
2/7/2024 1:00:00 AM,2/6/2024 8:00:00 PM,RTO,0.000
2/7/2024 1:00:00 AM,2/6/2024 8:00:00 PM,RFC,0.000
2/7/2024 2:00:00 AM,2/6/2024 9:00:00 PM,MIDATL,0.000
2/7/2024 2:00:00 AM,2/6/2024 9:00:00 PM,OTHER,0.000
2/7/2024 2:00:00 AM,2/6/2024 9:00:00 PM,SOUTH,0.000
2/7/2024 2:00:00 AM,2/6/2024 9:00:00 PM,WEST,0.000
2/7/2024 2:00:00 AM,2/6/2024 9:00:00 PM,RTO,0.000
2/7/2024 2:00:00 AM,2/6/2024 9:00:00 PM,RFC,0.000
2/7/2024 3:00:00 AM,2/6/2024 10:00:00 PM,MIDATL,0.000
2/7/2024 3:00:00 AM,2/6/2024 10:00:00 PM,OTHER,0.000
2/7/2024 3:00:00 AM,2/6/2024 10:00:00 PM,SOUTH,0.000
2/7/2024 3:00:00 AM,2/6/2024 10:00:00 PM,WEST,0.000
2/7/2024 3:00:00 AM,2/6/2024 10:00:00 PM,RTO,0.000
2/7/2024 3:00:00 AM,2/6/2024 10:00:00 PM,RFC,0.000
2/7/2024 4:00:00 AM,2/6/2024 11:00:00 PM,MIDATL,0.000
2/7/2024 4:00:00 AM,2/6/2024 11:00:00 PM,OTHER,0.000
2/7/2024 4:00:00 AM,2/6/2024 11:00:00 PM,SOUTH,0.000
2/7/2024 4:00:00 AM,2/6/2024 11:00:00 PM,WEST,0.000
2/7/2024 4:00:00 AM,2/6/2024 11:00:00 PM,RTO,0.000
2/7/2024 4:00:00 AM,2/6/2024 11:00:00 PM,RFC,0.000
2/7/2024 5:00:00 AM,2/7/2024 12:00:00 AM,MIDATL,0.000
2/7/2024 5:00:00 AM,2/7/2024 12:00:00 AM,OTHER,0.000
2/7/2024 5:00:00 AM,2/7/2024 12:00:00 AM,SOUTH,0.000
2/7/2024 5:00:00 AM,2/7/2024 12:00:00 AM,WEST,0.000
2/7/2024 5:00:00 AM,2/7/2024 12:00:00 AM,RTO,0.000
2/7/2024 5:00:00 AM,2/7/2024 12:00:00 AM,RFC,0.000
2/7/2024 6:00:00 AM,2/7/2024 1:00:00 AM,MIDATL,0.000
2/7/2024 6:00:00 AM,2/7/2024 1:00:00 AM,OTHER,0.000
2/7/2024 6:00:00 AM,2/7/2024 1:00:00 AM,SOUTH,0.000
2/7/2024 6:00:00 AM,2/7/2024 1:00:00 AM,WEST,0.000
2/7/2024 6:00:00 AM,2/7/2024 1:00:00 AM,RTO,0.000
2/7/2024 6:00:00 AM,2/7/2024 1:00:00 AM,RFC,0.000
2/7/2024 7:00:00 AM,2/7/2024 2:00:00 AM,MIDATL,0.000
2/7/2024 7:00:00 AM,2/7/2024 2:00:00 AM,OTHER,0.000
2/7/2024 7:00:00 AM,2/7/2024 2:00:00 AM,SOUTH,0.000
2/7/2024 7:00:00 AM,2/7/2024 2:00:00 AM,WEST,0.000
2/7/2024 7:00:00 AM,2/7/2024 2:00:00 AM,RTO,0.000
2/7/2024 7:00:00 AM,2/7/2024 2:00:00 AM,RFC,0.000
2/7/2024 8:00:00 AM,2/7/2024 3:00:00 AM,MIDATL,0.000
2/7/2024 8:00:00 AM,2/7/2024 3:00:00 AM,OTHER,0.000
2/7/2024 8:00:00 AM,2/7/2024 3:00:00 AM,SOUTH,0.000
2/7/2024 8:00:00 AM,2/7/2024 3:00:00 AM,WEST,0.000
2/7/2024 8:00:00 AM,2/7/2024 3:00:00 AM,RTO,0.000
2/7/2024 8:00:00 AM,2/7/2024 3:00:00 AM,RFC,0.000
2/7/2024 9:00:00 AM,2/7/2024 4:00:00 AM,MIDATL,0.000
2/7/2024 9:00:00 AM,2/7/2024 4:00:00 AM,OTHER,0.000
2/7/2024 9:00:00 AM,2/7/2024 4:00:00 AM,SOUTH,0.000
2/7/2024 9:00:00 AM,2/7/2024 4:00:00 AM,WEST,0.000
2/7/2024 9:00:00 AM,2/7/2024 4:00:00 AM,RTO,0.000
2/7/2024 9:00:00 AM,2/7/2024 4:00:00 AM,RFC,0.000
2/7/2024 10:00:00 AM,2/7/2024 5:00:00 AM,MIDATL,0.000
2/7/2024 10:00:00 AM,2/7/2024 5:00:00 AM,OTHER,0.000
2/7/2024 10:00:00 AM,2/7/2024 5:00:00 AM,SOUTH,0.000
2/7/2024 10:00:00 AM,2/7/2024 5:00:00 AM,WEST,0.000
2/7/2024 10:00:00 AM,2/7/2024 5:00:00 AM,RTO,0.000
2/7/2024 10:00:00 AM,2/7/2024 5:00:00 AM,RFC,0.000
2/7/2024 11:00:00 AM,2/7/2024 6:00:00 AM,MIDATL,0.000
2/7/2024 11:00:00 AM,2/7/2024 6:00:00 AM,OTHER,0.000
2/7/2024 11:00:00 AM,2/7/2024 6:00:00 AM,RFC,0.000
2/7/2024 11:00:00 AM,2/7/2024 6:00:00 AM,RTO,0.000
2/7/2024 11:00:00 AM,2/7/2024 6:00:00 AM,SOUTH,0.000
2/7/2024 11:00:00 AM,2/7/2024 6:00:00 AM,WEST,0.000
2/7/2024 12:00:00 PM,2/7/2024 7:00:00 AM,MIDATL,0.000
2/7/2024 12:00:00 PM,2/7/2024 7:00:00 AM,OTHER,0.000
2/7/2024 12:00:00 PM,2/7/2024 7:00:00 AM,RFC,0.000
2/7/2024 12:00:00 PM,2/7/2024 7:00:00 AM,RTO,0.000
2/7/2024 12:00:00 PM,2/7/2024 7:00:00 AM,SOUTH,0.000
2/7/2024 12:00:00 PM,2/7/2024 7:00:00 AM,WEST,0.000
2/7/2024 1:00:00 PM,2/7/2024 8:00:00 AM,MIDATL,0.000
2/7/2024 1:00:00 PM,2/7/2024 8:00:00 AM,OTHER,0.000
2/7/2024 1:00:00 PM,2/7/2024 8:00:00 AM,RFC,0.000
2/7/2024 1:00:00 PM,2/7/2024 8:00:00 AM,RTO,0.000
2/7/2024 1:00:00 PM,2/7/2024 8:00:00 AM,SOUTH,0.000
2/7/2024 1:00:00 PM,2/7/2024 8:00:00 AM,WEST,0.000
2/7/2024 2:00:00 PM,2/7/2024 9:00:00 AM,MIDATL,0.000
2/7/2024 2:00:00 PM,2/7/2024 9:00:00 AM,OTHER,0.000
2/7/2024 2:00:00 PM,2/7/2024 9:00:00 AM,RFC,0.000
2/7/2024 2:00:00 PM,2/7/2024 9:00:00 AM,RTO,0.000
2/7/2024 2:00:00 PM,2/7/2024 9:00:00 AM,SOUTH,0.000
2/7/2024 2:00:00 PM,2/7/2024 9:00:00 AM,WEST,0.000
2/7/2024 3:00:00 PM,2/7/2024 10:00:00 AM,MIDATL,0.000
2/7/2024 3:00:00 PM,2/7/2024 10:00:00 AM,OTHER,0.000
2/7/2024 3:00:00 PM,2/7/2024 10:00:00 AM,RFC,0.000
2/7/2024 3:00:00 PM,2/7/2024 10:00:00 AM,RTO,0.000
2/7/2024 3:00:00 PM,2/7/2024 10:00:00 AM,SOUTH,0.000
2/7/2024 3:00:00 PM,2/7/2024 10:00:00 AM,WEST,0.000
2/7/2024 4:00:00 PM,2/7/2024 11:00:00 AM,MIDATL,0.000
2/7/2024 4:00:00 PM,2/7/2024 11:00:00 AM,OTHER,0.000
2/7/2024 4:00:00 PM,2/7/2024 11:00:00 AM,RFC,0.000
2/7/2024 4:00:00 PM,2/7/2024 11:00:00 AM,RTO,0.000
2/7/2024 4:00:00 PM,2/7/2024 11:00:00 AM,SOUTH,0.000
2/7/2024 4:00:00 PM,2/7/2024 11:00:00 AM,WEST,0.000
2/7/2024 5:00:00 PM,2/7/2024 12:00:00 PM,MIDATL,0.000
2/7/2024 5:00:00 PM,2/7/2024 12:00:00 PM,OTHER,0.000
2/7/2024 5:00:00 PM,2/7/2024 12:00:00 PM,RFC,0.000
2/7/2024 5:00:00 PM,2/7/2024 12:00:00 PM,RTO,0.000
2/7/2024 5:00:00 PM,2/7/2024 12:00:00 PM,SOUTH,0.000
2/7/2024 5:00:00 PM,2/7/2024 12:00:00 PM,WEST,0.000
2/7/2024 6:00:00 PM,2/7/2024 1:00:00 PM,MIDATL,0.000
2/7/2024 6:00:00 PM,2/7/2024 1:00:00 PM,OTHER,0.000
2/7/2024 6:00:00 PM,2/7/2024 1:00:00 PM,RFC,0.000
2/7/2024 6:00:00 PM,2/7/2024 1:00:00 PM,RTO,0.000
2/7/2024 6:00:00 PM,2/7/2024 1:00:00 PM,SOUTH,0.000
2/7/2024 6:00:00 PM,2/7/2024 1:00:00 PM,WEST,0.000
2/7/2024 7:00:00 PM,2/7/2024 2:00:00 PM,MIDATL,0.000
2/7/2024 7:00:00 PM,2/7/2024 2:00:00 PM,OTHER,0.000
2/7/2024 7:00:00 PM,2/7/2024 2:00:00 PM,RFC,0.000
2/7/2024 7:00:00 PM,2/7/2024 2:00:00 PM,RTO,0.000
2/7/2024 7:00:00 PM,2/7/2024 2:00:00 PM,SOUTH,0.000
2/7/2024 7:00:00 PM,2/7/2024 2:00:00 PM,WEST,0.000
2/7/2024 8:00:00 PM,2/7/2024 3:00:00 PM,MIDATL,0.000
2/7/2024 8:00:00 PM,2/7/2024 3:00:00 PM,OTHER,0.000
2/7/2024 8:00:00 PM,2/7/2024 3:00:00 PM,RFC,0.000
2/7/2024 8:00:00 PM,2/7/2024 3:00:00 PM,RTO,0.000
2/7/2024 8:00:00 PM,2/7/2024 3:00:00 PM,SOUTH,0.000
2/7/2024 8:00:00 PM,2/7/2024 3:00:00 PM,WEST,0.000
2/7/2024 9:00:00 PM,2/7/2024 4:00:00 PM,MIDATL,0.000
2/7/2024 9:00:00 PM,2/7/2024 4:00:00 PM,OTHER,0.000
2/7/2024 9:00:00 PM,2/7/2024 4:00:00 PM,RFC,0.000
2/7/2024 9:00:00 PM,2/7/2024 4:00:00 PM,RTO,0.000
2/7/2024 9:00:00 PM,2/7/2024 4:00:00 PM,SOUTH,0.000
2/7/2024 9:00:00 PM,2/7/2024 4:00:00 PM,WEST,0.000
2/7/2024 10:00:00 PM,2/7/2024 5:00:00 PM,MIDATL,0.000
2/7/2024 10:00:00 PM,2/7/2024 5:00:00 PM,OTHER,0.000
2/7/2024 10:00:00 PM,2/7/2024 5:00:00 PM,RFC,0.000
2/7/2024 10:00:00 PM,2/7/2024 5:00:00 PM,RTO,0.000
2/7/2024 10:00:00 PM,2/7/2024 5:00:00 PM,SOUTH,0.000
2/7/2024 10:00:00 PM,2/7/2024 5:00:00 PM,WEST,0.000
2/7/2024 11:00:00 PM,2/7/2024 6:00:00 PM,MIDATL,0.000
2/7/2024 11:00:00 PM,2/7/2024 6:00:00 PM,OTHER,0.000
2/7/2024 11:00:00 PM,2/7/2024 6:00:00 PM,RFC,0.000
2/7/2024 11:00:00 PM,2/7/2024 6:00:00 PM,RTO,0.000
2/7/2024 11:00:00 PM,2/7/2024 6:00:00 PM,SOUTH,0.000
2/7/2024 11:00:00 PM,2/7/2024 6:00:00 PM,WEST,0.000
2/8/2024 12:00:00 AM,2/7/2024 7:00:00 PM,MIDATL,0.000
2/8/2024 12:00:00 AM,2/7/2024 7:00:00 PM,OTHER,0.000
2/8/2024 12:00:00 AM,2/7/2024 7:00:00 PM,RFC,0.000
2/8/2024 12:00:00 AM,2/7/2024 7:00:00 PM,RTO,0.000
2/8/2024 12:00:00 AM,2/7/2024 7:00:00 PM,SOUTH,0.000
2/8/2024 12:00:00 AM,2/7/2024 7:00:00 PM,WEST,0.000
2/8/2024 1:00:00 AM,2/7/2024 8:00:00 PM,MIDATL,0.000
2/8/2024 1:00:00 AM,2/7/2024 8:00:00 PM,OTHER,0.000
2/8/2024 1:00:00 AM,2/7/2024 8:00:00 PM,RFC,0.000
2/8/2024 1:00:00 AM,2/7/2024 8:00:00 PM,RTO,0.000
2/8/2024 1:00:00 AM,2/7/2024 8:00:00 PM,SOUTH,0.000
2/8/2024 1:00:00 AM,2/7/2024 8:00:00 PM,WEST,0.000
2/8/2024 2:00:00 AM,2/7/2024 9:00:00 PM,MIDATL,0.000
2/8/2024 2:00:00 AM,2/7/2024 9:00:00 PM,OTHER,0.000
2/8/2024 2:00:00 AM,2/7/2024 9:00:00 PM,RFC,0.000
2/8/2024 2:00:00 AM,2/7/2024 9:00:00 PM,RTO,0.000
2/8/2024 2:00:00 AM,2/7/2024 9:00:00 PM,SOUTH,0.000
2/8/2024 2:00:00 AM,2/7/2024 9:00:00 PM,WEST,0.000
2/8/2024 3:00:00 AM,2/7/2024 10:00:00 PM,MIDATL,0.000
2/8/2024 3:00:00 AM,2/7/2024 10:00:00 PM,OTHER,0.000
2/8/2024 3:00:00 AM,2/7/2024 10:00:00 PM,RFC,0.000
2/8/2024 3:00:00 AM,2/7/2024 10:00:00 PM,RTO,0.000
2/8/2024 3:00:00 AM,2/7/2024 10:00:00 PM,SOUTH,0.000
2/8/2024 3:00:00 AM,2/7/2024 10:00:00 PM,WEST,0.000
2/8/2024 4:00:00 AM,2/7/2024 11:00:00 PM,MIDATL,0.000
2/8/2024 4:00:00 AM,2/7/2024 11:00:00 PM,OTHER,0.000
2/8/2024 4:00:00 AM,2/7/2024 11:00:00 PM,RFC,0.000
2/8/2024 4:00:00 AM,2/7/2024 11:00:00 PM,RTO,0.000
2/8/2024 4:00:00 AM,2/7/2024 11:00:00 PM,SOUTH,0.000
2/8/2024 4:00:00 AM,2/7/2024 11:00:00 PM,WEST,0.000
